{
  "aerialway_11": {
    "height": 30,
    "pixelRatio": 2,
    "width": 30,
    "x": 568,
    "y": 254
  },
  "aerialway_15": {
    "height": 38,
    "pixelRatio": 2,
    "width": 38,
    "x": 160,
    "y": 380
  },
  "airfield_11": {
    "height": 30,
    "pixelRatio": 2,
    "width": 30,
    "x": 598,
    "y": 254
  },
  "airfield_15": {
    "height": 38,
    "pixelRatio": 2,
    "width": 38,
    "x": 198,
    "y": 380
  },
  "airport_11": {
    "height": 30,
    "pixelRatio": 2,
    "width": 30,
    "x": 628,
    "y": 254
  },
  "airport_15": {
    "height": 38,
    "pixelRatio": 2,
    "width": 38,
    "x": 236,
    "y": 380
  },
  "alcohol_shop_11": {
    "height": 34,
    "pixelRatio": 2,
    "width": 34,
    "x": 762,
    "y": 420
  },
  "alcohol_shop_15": {
    "height": 42,
    "pixelRatio": 2,
    "width": 42,
    "x": 128,
    "y": 0
  },
  "america_football_11": {
    "height": 34,
    "pixelRatio": 2,
    "width": 34,
    "x": 796,
    "y": 420
  },
  "america_football_15": {
    "height": 42,
    "pixelRatio": 2,
    "width": 42,
    "x": 170,
    "y": 0
  },
  "amusement_park_11": {
    "height": 34,
    "pixelRatio": 2,
    "width": 34,
    "x": 830,
    "y": 420
  },
  "amusement_park_15": {
    "height": 42,
    "pixelRatio": 2,
    "width": 42,
    "x": 212,
    "y": 0
  },
  "aquarium_11": {
    "height": 34,
    "pixelRatio": 2,
    "width": 34,
    "x": 864,
    "y": 420
  },
  "aquarium_15": {
    "height": 42,
    "pixelRatio": 2,
    "width": 42,
    "x": 0,
    "y": 128
  },
  "arrow": {
    "height": 14,
    "pixelRatio": 2,
    "width": 40,
    "x": 972,
    "y": 296
  },
  "art_gallery_11": {
    "height": 34,
    "pixelRatio": 2,
    "width": 34,
    "x": 898,
    "y": 420
  },
  "art_gallery_15": {
    "height": 42,
    "pixelRatio": 2,
    "width": 42,
    "x": 42,
    "y": 128
  },
  "attraction_11": {
    "height": 34,
    "pixelRatio": 2,
    "width": 34,
    "x": 932,
    "y": 420
  },
  "attraction_15": {
    "height": 42,
    "pixelRatio": 2,
    "width": 42,
    "x": 84,
    "y": 128
  },
  "bakery_11": {
    "height": 34,
    "pixelRatio": 2,
    "width": 34,
    "x": 966,
    "y": 420
  },
  "bakery_15": {
    "height": 42,
    "pixelRatio": 2,
    "width": 42,
    "x": 126,
    "y": 128
  },
  "bank_11": {
    "height": 34,
    "pixelRatio": 2,
    "width": 34,
    "x": 454,
    "y": 458
  },
  "bank_15": {
    "height": 42,
    "pixelRatio": 2,
    "width": 42,
    "x": 168,
    "y": 128
  },
  "bar_11": {
    "height": 34,
    "pixelRatio": 2,
    "width": 34,
    "x": 488,
    "y": 458
  },
  "bar_15": {
    "height": 42,
    "pixelRatio": 2,
    "width": 42,
    "x": 210,
    "y": 128
  },
  "baseball_11": {
    "height": 34,
    "pixelRatio": 2,
    "width": 34,
    "x": 522,
    "y": 458
  },
  "baseball_15": {
    "height": 42,
    "pixelRatio": 2,
    "width": 42,
    "x": 0,
    "y": 170
  },
  "basketball_11": {
    "height": 34,
    "pixelRatio": 2,
    "width": 34,
    "x": 556,
    "y": 458
  },
  "basketball_15": {
    "height": 42,
    "pixelRatio": 2,
    "width": 42,
    "x": 42,
    "y": 170
  },
  "beer_11": {
    "height": 34,
    "pixelRatio": 2,
    "width": 34,
    "x": 590,
    "y": 458
  },
  "beer_15": {
    "height": 42,
    "pixelRatio": 2,
    "width": 42,
    "x": 84,
    "y": 170
  },
  "bicycle_11": {
    "height": 34,
    "pixelRatio": 2,
    "width": 34,
    "x": 624,
    "y": 458
  },
  "bicycle_15": {
    "height": 42,
    "pixelRatio": 2,
    "width": 42,
    "x": 126,
    "y": 170
  },
  "bicycle_rental_11": {
    "height": 34,
    "pixelRatio": 2,
    "width": 34,
    "x": 658,
    "y": 458
  },
  "bicycle_rental_15": {
    "height": 42,
    "pixelRatio": 2,
    "width": 42,
    "x": 168,
    "y": 170
  },
  "building_11": {
    "height": 30,
    "pixelRatio": 2,
    "width": 30,
    "x": 658,
    "y": 254
  },
  "building_15": {
    "height": 38,
    "pixelRatio": 2,
    "width": 38,
    "x": 274,
    "y": 380
  },
  "bus_11": {
    "height": 30,
    "pixelRatio": 2,
    "width": 30,
    "x": 688,
    "y": 254
  },
  "bus_15": {
    "height": 38,
    "pixelRatio": 2,
    "width": 38,
    "x": 312,
    "y": 380
  },
  "butcher_11": {
    "height": 34,
    "pixelRatio": 2,
    "width": 34,
    "x": 692,
    "y": 458
  },
  "butcher_15": {
    "height": 42,
    "pixelRatio": 2,
    "width": 42,
    "x": 210,
    "y": 170
  },
  "cafe_11": {
    "height": 34,
    "pixelRatio": 2,
    "width": 34,
    "x": 726,
    "y": 458
  },
  "cafe_15": {
    "height": 42,
    "pixelRatio": 2,
    "width": 42,
    "x": 0,
    "y": 212
  },
  "campsite_11": {
    "height": 34,
    "pixelRatio": 2,
    "width": 34,
    "x": 760,
    "y": 458
  },
  "campsite_15": {
    "height": 42,
    "pixelRatio": 2,
    "width": 42,
    "x": 42,
    "y": 212
  },
  "car_11": {
    "height": 30,
    "pixelRatio": 2,
    "width": 30,
    "x": 718,
    "y": 254
  },
  "car_15": {
    "height": 38,
    "pixelRatio": 2,
    "width": 38,
    "x": 350,
    "y": 380
  },
  "castle_11": {
    "height": 34,
    "pixelRatio": 2,
    "width": 34,
    "x": 794,
    "y": 458
  },
  "castle_15": {
    "height": 42,
    "pixelRatio": 2,
    "width": 42,
    "x": 84,
    "y": 212
  },
  "cemetery_11": {
    "height": 34,
    "pixelRatio": 2,
    "width": 34,
    "x": 828,
    "y": 458
  },
  "cemetery_15": {
    "height": 42,
    "pixelRatio": 2,
    "width": 42,
    "x": 126,
    "y": 212
  },
  "cinema_11": {
    "height": 34,
    "pixelRatio": 2,
    "width": 34,
    "x": 862,
    "y": 458
  },
  "cinema_15": {
    "height": 42,
    "pixelRatio": 2,
    "width": 42,
    "x": 168,
    "y": 212
  },
  "circle-stroked_11": {
    "height": 30,
    "pixelRatio": 2,
    "width": 30,
    "x": 748,
    "y": 254
  },
  "circle-stroked_15": {
    "height": 38,
    "pixelRatio": 2,
    "width": 38,
    "x": 388,
    "y": 380
  },
  "circle_11": {
    "height": 30,
    "pixelRatio": 2,
    "width": 30,
    "x": 778,
    "y": 254
  },
  "circle_15": {
    "height": 38,
    "pixelRatio": 2,
    "width": 38,
    "x": 426,
    "y": 380
  },
  "clothing_store_11": {
    "height": 34,
    "pixelRatio": 2,
    "width": 34,
    "x": 896,
    "y": 458
  },
  "clothing_store_15": {
    "height": 42,
    "pixelRatio": 2,
    "width": 42,
    "x": 210,
    "y": 212
  },
  "college_11": {
    "height": 32,
    "pixelRatio": 2,
    "width": 32,
    "x": 946,
    "y": 212
  },
  "college_15": {
    "height": 40,
    "pixelRatio": 2,
    "width": 40,
    "x": 0,
    "y": 380
  },
  "commercial_11": {
    "height": 30,
    "pixelRatio": 2,
    "width": 30,
    "x": 808,
    "y": 254
  },
  "commercial_15": {
    "height": 38,
    "pixelRatio": 2,
    "width": 38,
    "x": 464,
    "y": 380
  },
  "cricket_11": {
    "height": 34,
    "pixelRatio": 2,
    "width": 34,
    "x": 930,
    "y": 458
  },
  "cricket_15": {
    "height": 42,
    "pixelRatio": 2,
    "width": 42,
    "x": 252,
    "y": 128
  },
  "cross_11": {
    "height": 30,
    "pixelRatio": 2,
    "width": 30,
    "x": 838,
    "y": 254
  },
  "cross_15": {
    "height": 38,
    "pixelRatio": 2,
    "width": 38,
    "x": 0,
    "y": 420
  },
  "dam_11": {
    "height": 30,
    "pixelRatio": 2,
    "width": 30,
    "x": 868,
    "y": 254
  },
  "dam_15": {
    "height": 38,
    "pixelRatio": 2,
    "width": 38,
    "x": 38,
    "y": 420
  },
  "danger_11": {
    "height": 34,
    "pixelRatio": 2,
    "width": 34,
    "x": 964,
    "y": 458
  },
  "danger_15": {
    "height": 42,
    "pixelRatio": 2,
    "width": 42,
    "x": 294,
    "y": 128
  },
  "default_1": {
    "height": 36,
    "pixelRatio": 2,
    "width": 36,
    "x": 304,
    "y": 458
  },
  "default_2": {
    "height": 36,
    "pixelRatio": 2,
    "width": 50,
    "x": 340,
    "y": 458
  },
  "default_3": {
    "height": 36,
    "pixelRatio": 2,
    "width": 64,
    "x": 390,
    "y": 458
  },
  "default_4": {
    "height": 36,
    "pixelRatio": 2,
    "width": 78,
    "x": 494,
    "y": 420
  },
  "default_5": {
    "height": 36,
    "pixelRatio": 2,
    "width": 90,
    "x": 572,
    "y": 420
  },
  "default_6": {
    "height": 36,
    "pixelRatio": 2,
    "width": 100,
    "x": 662,
    "y": 420
  },
  "dentist_11": {
    "height": 34,
    "pixelRatio": 2,
    "width": 34,
    "x": 502,
    "y": 380
  },
  "dentist_15": {
    "height": 42,
    "pixelRatio": 2,
    "width": 42,
    "x": 336,
    "y": 128
  },
  "doctor_11": {
    "height": 34,
    "pixelRatio": 2,
    "width": 34,
    "x": 536,
    "y": 380
  },
  "doctor_15": {
    "height": 42,
    "pixelRatio": 2,
    "width": 42,
    "x": 378,
    "y": 128
  },
  "dog_park_11": {
    "height": 34,
    "pixelRatio": 2,
    "width": 34,
    "x": 570,
    "y": 380
  },
  "dog_park_15": {
    "height": 42,
    "pixelRatio": 2,
    "width": 42,
    "x": 420,
    "y": 128
  },
  "dot_10": {
    "height": 20,
    "pixelRatio": 2,
    "width": 20,
    "x": 998,
    "y": 458
  },
  "dot_11": {
    "height": 22,
    "pixelRatio": 2,
    "width": 22,
    "x": 1000,
    "y": 420
  },
  "dot_9": {
    "height": 18,
    "pixelRatio": 2,
    "width": 18,
    "x": 954,
    "y": 296
  },
  "drinking-water_11": {
    "height": 34,
    "pixelRatio": 2,
    "width": 34,
    "x": 604,
    "y": 380
  },
  "drinking_water_15": {
    "height": 42,
    "pixelRatio": 2,
    "width": 42,
    "x": 462,
    "y": 128
  },
  "embassy_11": {
    "height": 34,
    "pixelRatio": 2,
    "width": 34,
    "x": 638,
    "y": 380
  },
  "embassy_15": {
    "height": 42,
    "pixelRatio": 2,
    "width": 42,
    "x": 252,
    "y": 170
  },
  "entrance_11": {
    "height": 30,
    "pixelRatio": 2,
    "width": 30,
    "x": 898,
    "y": 254
  },
  "entrance_15": {
    "height": 38,
    "pixelRatio": 2,
    "width": 38,
    "x": 76,
    "y": 420
  },
  "fast_food_11": {
    "height": 34,
    "pixelRatio": 2,
    "width": 34,
    "x": 672,
    "y": 380
  },
  "fast_food_15": {
    "height": 42,
    "pixelRatio": 2,
    "width": 42,
    "x": 294,
    "y": 170
  },
  "ferry_11": {
    "height": 30,
    "pixelRatio": 2,
    "width": 30,
    "x": 928,
    "y": 254
  },
  "ferry_15": {
    "height": 38,
    "pixelRatio": 2,
    "width": 38,
    "x": 114,
    "y": 420
  },
  "fire-station_11": {
    "height": 34,
    "pixelRatio": 2,
    "width": 34,
    "x": 706,
    "y": 380
  },
  "fire-station_15": {
    "height": 42,
    "pixelRatio": 2,
    "width": 42,
    "x": 336,
    "y": 170
  },
  "fuel_11": {
    "height": 30,
    "pixelRatio": 2,
    "width": 30,
    "x": 958,
    "y": 254
  },
  "fuel_15": {
    "height": 38,
    "pixelRatio": 2,
    "width": 38,
    "x": 152,
    "y": 420
  },
  "garden_11": {
    "height": 34,
    "pixelRatio": 2,
    "width": 34,
    "x": 740,
    "y": 380
  },
  "garden_15": {
    "height": 42,
    "pixelRatio": 2,
    "width": 42,
    "x": 378,
    "y": 170
  },
  "gift_11": {
    "height": 34,
    "pixelRatio": 2,
    "width": 34,
    "x": 774,
    "y": 380
  },
  "gift_15": {
    "height": 42,
    "pixelRatio": 2,
    "width": 42,
    "x": 420,
    "y": 170
  },
  "golf_11": {
    "height": 34,
    "pixelRatio": 2,
    "width": 34,
    "x": 808,
    "y": 380
  },
  "golf_15": {
    "height": 42,
    "pixelRatio": 2,
    "width": 42,
    "x": 462,
    "y": 170
  },
  "grocery_11": {
    "height": 34,
    "pixelRatio": 2,
    "width": 34,
    "x": 842,
    "y": 380
  },
  "grocery_15": {
    "height": 42,
    "pixelRatio": 2,
    "width": 42,
    "x": 252,
    "y": 212
  },
  "hairdresser_11": {
    "height": 34,
    "pixelRatio": 2,
    "width": 34,
    "x": 876,
    "y": 380
  },
  "hairdresser_15": {
    "height": 42,
    "pixelRatio": 2,
    "width": 42,
    "x": 294,
    "y": 212
  },
  "harbor_11": {
    "height": 30,
    "pixelRatio": 2,
    "width": 30,
    "x": 988,
    "y": 254
  },
  "harbor_15": {
    "height": 38,
    "pixelRatio": 2,
    "width": 38,
    "x": 190,
    "y": 420
  },
  "heart_11": {
    "height": 34,
    "pixelRatio": 2,
    "width": 34,
    "x": 910,
    "y": 380
  },
  "heart_15": {
    "height": 42,
    "pixelRatio": 2,
    "width": 42,
    "x": 336,
    "y": 212
  },
  "heliport_11": {
    "height": 30,
    "pixelRatio": 2,
    "width": 30,
    "x": 504,
    "y": 296
  },
  "heliport_15": {
    "height": 38,
    "pixelRatio": 2,
    "width": 38,
    "x": 228,
    "y": 420
  },
  "hospital_11": {
    "height": 34,
    "pixelRatio": 2,
    "width": 34,
    "x": 944,
    "y": 380
  },
  "hospital_15": {
    "height": 42,
    "pixelRatio": 2,
    "width": 42,
    "x": 378,
    "y": 212
  },
  "ice_cream_11": {
    "height": 34,
    "pixelRatio": 2,
    "width": 34,
    "x": 978,
    "y": 380
  },
  "ice_cream_15": {
    "height": 42,
    "pixelRatio": 2,
    "width": 42,
    "x": 420,
    "y": 212
  },
  "industry_11": {
    "height": 30,
    "pixelRatio": 2,
    "width": 30,
    "x": 534,
    "y": 296
  },
  "industry_15": {
    "height": 38,
    "pixelRatio": 2,
    "width": 38,
    "x": 266,
    "y": 420
  },
  "information_11": {
    "height": 34,
    "pixelRatio": 2,
    "width": 34,
    "x": 504,
    "y": 128
  },
  "information_15": {
    "height": 42,
    "pixelRatio": 2,
    "width": 42,
    "x": 462,
    "y": 212
  },
  "laundry_11": {
    "height": 34,
    "pixelRatio": 2,
    "width": 34,
    "x": 538,
    "y": 128
  },
  "laundry_15": {
    "height": 42,
    "pixelRatio": 2,
    "width": 42,
    "x": 254,
    "y": 0
  },
  "library_11": {
    "height": 32,
    "pixelRatio": 2,
    "width": 32,
    "x": 978,
    "y": 212
  },
  "library_15": {
    "height": 40,
    "pixelRatio": 2,
    "width": 40,
    "x": 40,
    "y": 380
  },
  "lighthouse_11": {
    "height": 34,
    "pixelRatio": 2,
    "width": 34,
    "x": 572,
    "y": 128
  },
  "lighthouse_15": {
    "height": 42,
    "pixelRatio": 2,
    "width": 42,
    "x": 296,
    "y": 0
  },
  "lodging_11": {
    "height": 34,
    "pixelRatio": 2,
    "width": 34,
    "x": 606,
    "y": 128
  },
  "lodging_15": {
    "height": 42,
    "pixelRatio": 2,
    "width": 42,
    "x": 338,
    "y": 0
  },
  "marker_11": {
    "height": 30,
    "pixelRatio": 2,
    "width": 30,
    "x": 564,
    "y": 296
  },
  "marker_15": {
    "height": 38,
    "pixelRatio": 2,
    "width": 38,
    "x": 304,
    "y": 420
  },
  "monument_11": {
    "height": 34,
    "pixelRatio": 2,
    "width": 34,
    "x": 640,
    "y": 128
  },
  "monument_15": {
    "height": 42,
    "pixelRatio": 2,
    "width": 42,
    "x": 380,
    "y": 0
  },
  "mountain_11": {
    "height": 34,
    "pixelRatio": 2,
    "width": 34,
    "x": 674,
    "y": 128
  },
  "mountain_15": {
    "height": 42,
    "pixelRatio": 2,
    "width": 42,
    "x": 422,
    "y": 0
  },
  "museum_11": {
    "height": 32,
    "pixelRatio": 2,
    "width": 32,
    "x": 504,
    "y": 254
  },
  "museum_15": {
    "height": 40,
    "pixelRatio": 2,
    "width": 40,
    "x": 80,
    "y": 380
  },
  "music_11": {
    "height": 34,
    "pixelRatio": 2,
    "width": 34,
    "x": 708,
    "y": 128
  },
  "music_15": {
    "height": 42,
    "pixelRatio": 2,
    "width": 42,
    "x": 464,
    "y": 0
  },
  "park_11": {
    "height": 34,
    "pixelRatio": 2,
    "width": 34,
    "x": 742,
    "y": 128
  },
  "park_15": {
    "height": 42,
    "pixelRatio": 2,
    "width": 42,
    "x": 0,
    "y": 254
  },
  "parking_11": {
    "height": 30,
    "pixelRatio": 2,
    "width": 30,
    "x": 594,
    "y": 296
  },
  "parking_15": {
    "height": 38,
    "pixelRatio": 2,
    "width": 38,
    "x": 342,
    "y": 420
  },
  "parking_garage_11": {
    "height": 30,
    "pixelRatio": 2,
    "width": 30,
    "x": 624,
    "y": 296
  },
  "parking_garage_15": {
    "height": 38,
    "pixelRatio": 2,
    "width": 38,
    "x": 380,
    "y": 420
  },
  "pedestrian_polygon": {
    "height": 128,
    "pixelRatio": 2,
    "width": 128,
    "x": 0,
    "y": 0
  },
  "pharmacy_11": {
    "height": 34,
    "pixelRatio": 2,
    "width": 34,
    "x": 776,
    "y": 128
  },
  "pharmacy_15": {
    "height": 42,
    "pixelRatio": 2,
    "width": 42,
    "x": 42,
    "y": 254
  },
  "picnic_site_11": {
    "height": 34,
    "pixelRatio": 2,
    "width": 34,
    "x": 810,
    "y": 128
  },
  "picnic_site_15": {
    "height": 42,
    "pixelRatio": 2,
    "width": 42,
    "x": 84,
    "y": 254
  },
  "pitch_11": {
    "height": 34,
    "pixelRatio": 2,
    "width": 34,
    "x": 844,
    "y": 128
  },
  "pitch_15": {
    "height": 42,
    "pixelRatio": 2,
    "width": 42,
    "x": 126,
    "y": 254
  },
  "place_of_worship_11": {
    "height": 34,
    "pixelRatio": 2,
    "width": 34,
    "x": 878,
    "y": 128
  },
  "place_of_worship_15": {
    "height": 42,
    "pixelRatio": 2,
    "width": 42,
    "x": 168,
    "y": 254
  },
  "playground_11": {
    "height": 34,
    "pixelRatio": 2,
    "width": 34,
    "x": 912,
    "y": 128
  },
  "playground_15": {
    "height": 42,
    "pixelRatio": 2,
    "width": 42,
    "x": 210,
    "y": 254
  },
  "police_11": {
    "height": 34,
    "pixelRatio": 2,
    "width": 34,
    "x": 946,
    "y": 128
  },
  "police_15": {
    "height": 42,
    "pixelRatio": 2,
    "width": 42,
    "x": 252,
    "y": 254
  },
  "post_11": {
    "height": 34,
    "pixelRatio": 2,
    "width": 34,
    "x": 980,
    "y": 128
  },
  "post_15": {
    "height": 42,
    "pixelRatio": 2,
    "width": 42,
    "x": 294,
    "y": 254
  },
  "prison_11": {
    "height": 34,
    "pixelRatio": 2,
    "width": 34,
    "x": 504,
    "y": 170
  },
  "prison_15": {
    "height": 42,
    "pixelRatio": 2,
    "width": 42,
    "x": 336,
    "y": 254
  },
  "railway_11": {
    "height": 30,
    "pixelRatio": 2,
    "width": 30,
    "x": 654,
    "y": 296
  },
  "railway_15": {
    "height": 38,
    "pixelRatio": 2,
    "width": 38,
    "x": 418,
    "y": 420
  },
  "railway_light_11": {
    "height": 30,
    "pixelRatio": 2,
    "width": 30,
    "x": 684,
    "y": 296
  },
  "railway_light_15": {
    "height": 38,
    "pixelRatio": 2,
    "width": 38,
    "x": 456,
    "y": 420
  },
  "railway_metro_11": {
    "height": 30,
    "pixelRatio": 2,
    "width": 30,
    "x": 714,
    "y": 296
  },
  "railway_metro_15": {
    "height": 38,
    "pixelRatio": 2,
    "width": 38,
    "x": 0,
    "y": 458
  },
  "ranger_station_11": {
    "height": 34,
    "pixelRatio": 2,
    "width": 34,
    "x": 538,
    "y": 170
  },
  "ranger_station_15": {
    "height": 42,
    "pixelRatio": 2,
    "width": 42,
    "x": 378,
    "y": 254
  },
  "religious_christian_11": {
    "height": 34,
    "pixelRatio": 2,
    "width": 34,
    "x": 572,
    "y": 170
  },
  "religious_christian_15": {
    "height": 42,
    "pixelRatio": 2,
    "width": 42,
    "x": 420,
    "y": 254
  },
  "religious_jewish_11": {
    "height": 34,
    "pixelRatio": 2,
    "width": 34,
    "x": 606,
    "y": 170
  },
  "religious_jewish_15": {
    "height": 42,
    "pixelRatio": 2,
    "width": 42,
    "x": 462,
    "y": 254
  },
  "religious_muslim_11": {
    "height": 34,
    "pixelRatio": 2,
    "width": 34,
    "x": 640,
    "y": 170
  },
  "religious_muslim_15": {
    "height": 42,
    "pixelRatio": 2,
    "width": 42,
    "x": 0,
    "y": 296
  },
  "restaurant_11": {
    "height": 34,
    "pixelRatio": 2,
    "width": 34,
    "x": 674,
    "y": 170
  },
  "restaurant_15": {
    "height": 42,
    "pixelRatio": 2,
    "width": 42,
    "x": 42,
    "y": 296
  },
  "roadblock_11": {
    "height": 34,
    "pixelRatio": 2,
    "width": 34,
    "x": 708,
    "y": 170
  },
  "roadblock_15": {
    "height": 42,
    "pixelRatio": 2,
    "width": 42,
    "x": 84,
    "y": 296
  },
  "rocket_11": {
    "height": 34,
    "pixelRatio": 2,
    "width": 34,
    "x": 742,
    "y": 170
  },
  "rocket_15": {
    "height": 42,
    "pixelRatio": 2,
    "width": 42,
    "x": 126,
    "y": 296
  },
  "school_11": {
    "height": 32,
    "pixelRatio": 2,
    "width": 32,
    "x": 536,
    "y": 254
  },
  "school_15": {
    "height": 40,
    "pixelRatio": 2,
    "width": 40,
    "x": 120,
    "y": 380
  },
  "shelter_11": {
    "height": 34,
    "pixelRatio": 2,
    "width": 34,
    "x": 776,
    "y": 170
  },
  "shelter_15": {
    "height": 42,
    "pixelRatio": 2,
    "width": 42,
    "x": 168,
    "y": 296
  },
  "shop_11": {
    "height": 34,
    "pixelRatio": 2,
    "width": 34,
    "x": 810,
    "y": 170
  },
  "shop_15": {
    "height": 42,
    "pixelRatio": 2,
    "width": 42,
    "x": 210,
    "y": 296
  },
  "skiing_11": {
    "height": 34,
    "pixelRatio": 2,
    "width": 34,
    "x": 844,
    "y": 170
  },
  "skiing_15": {
    "height": 42,
    "pixelRatio": 2,
    "width": 42,
    "x": 252,
    "y": 296
  },
  "soccer_11": {
    "height": 34,
    "pixelRatio": 2,
    "width": 34,
    "x": 878,
    "y": 170
  },
  "soccer_15": {
    "height": 42,
    "pixelRatio": 2,
    "width": 42,
    "x": 294,
    "y": 296
  },
  "square-stroke_11": {
    "height": 30,
    "pixelRatio": 2,
    "width": 30,
    "x": 744,
    "y": 296
  },
  "square-stroke_15": {
    "height": 38,
    "pixelRatio": 2,
    "width": 38,
    "x": 38,
    "y": 458
  },
  "square_11": {
    "height": 30,
    "pixelRatio": 2,
    "width": 30,
    "x": 774,
    "y": 296
  },
  "square_15": {
    "height": 38,
    "pixelRatio": 2,
    "width": 38,
    "x": 76,
    "y": 458
  },
  "stadium_11": {
    "height": 34,
    "pixelRatio": 2,
    "width": 34,
    "x": 912,
    "y": 170
  },
  "stadium_15": {
    "height": 42,
    "pixelRatio": 2,
    "width": 42,
    "x": 336,
    "y": 296
  },
  "star-stroke_11": {
    "height": 30,
    "pixelRatio": 2,
    "width": 30,
    "x": 804,
    "y": 296
  },
  "star-stroke_15": {
    "height": 38,
    "pixelRatio": 2,
    "width": 38,
    "x": 114,
    "y": 458
  },
  "star_11": {
    "height": 30,
    "pixelRatio": 2,
    "width": 30,
    "x": 834,
    "y": 296
  },
  "star_15": {
    "height": 38,
    "pixelRatio": 2,
    "width": 38,
    "x": 152,
    "y": 458
  },
  "suitcase_11": {
    "height": 34,
    "pixelRatio": 2,
    "width": 34,
    "x": 946,
    "y": 170
  },
  "suitcase_15": {
    "height": 42,
    "pixelRatio": 2,
    "width": 42,
    "x": 378,
    "y": 296
  },
  "sushi_11": {
    "height": 34,
    "pixelRatio": 2,
    "width": 34,
    "x": 980,
    "y": 170
  },
  "sushi_15": {
    "height": 42,
    "pixelRatio": 2,
    "width": 42,
    "x": 420,
    "y": 296
  },
  "swimming_11": {
    "height": 34,
    "pixelRatio": 2,
    "width": 34,
    "x": 504,
    "y": 212
  },
  "swimming_15": {
    "height": 42,
    "pixelRatio": 2,
    "width": 42,
    "x": 462,
    "y": 296
  },
  "telephone_11": {
    "height": 34,
    "pixelRatio": 2,
    "width": 34,
    "x": 538,
    "y": 212
  },
  "telephone_15": {
    "height": 42,
    "pixelRatio": 2,
    "width": 42,
    "x": 0,
    "y": 338
  },
  "tennis_11": {
    "height": 34,
    "pixelRatio": 2,
    "width": 34,
    "x": 572,
    "y": 212
  },
  "tennis_15": {
    "height": 42,
    "pixelRatio": 2,
    "width": 42,
    "x": 42,
    "y": 338
  },
  "theatre_11": {
    "height": 34,
    "pixelRatio": 2,
    "width": 34,
    "x": 606,
    "y": 212
  },
  "theatre_15": {
    "height": 42,
    "pixelRatio": 2,
    "width": 42,
    "x": 84,
    "y": 338
  },
  "toilet_11": {
    "height": 34,
    "pixelRatio": 2,
    "width": 34,
    "x": 640,
    "y": 212
  },
  "toilet_15": {
    "height": 42,
    "pixelRatio": 2,
    "width": 42,
    "x": 126,
    "y": 338
  },
  "town_hall_11": {
    "height": 34,
    "pixelRatio": 2,
    "width": 34,
    "x": 674,
    "y": 212
  },
  "town_hall_15": {
    "height": 42,
    "pixelRatio": 2,
    "width": 42,
    "x": 168,
    "y": 338
  },
  "triangle_11": {
    "height": 30,
    "pixelRatio": 2,
    "width": 30,
    "x": 864,
    "y": 296
  },
  "triangle_15": {
    "height": 38,
    "pixelRatio": 2,
    "width": 38,
    "x": 190,
    "y": 458
  },
  "triangle_stroked_11": {
    "height": 30,
    "pixelRatio": 2,
    "width": 30,
    "x": 894,
    "y": 296
  },
  "triangle_stroked_15": {
    "height": 38,
    "pixelRatio": 2,
    "width": 38,
    "x": 228,
    "y": 458
  },
  "veterinary_11": {
    "height": 34,
    "pixelRatio": 2,
    "width": 34,
    "x": 708,
    "y": 212
  },
  "veterinary_15": {
    "height": 42,
    "pixelRatio": 2,
    "width": 42,
    "x": 210,
    "y": 338
  },
  "volcano_11": {
    "height": 34,
    "pixelRatio": 2,
    "width": 34,
    "x": 742,
    "y": 212
  },
  "volcano_15": {
    "height": 42,
    "pixelRatio": 2,
    "width": 42,
    "x": 252,
    "y": 338
  },
  "warehouse_11": {
    "height": 30,
    "pixelRatio": 2,
    "width": 30,
    "x": 924,
    "y": 296
  },
  "warehouse_15": {
    "height": 38,
    "pixelRatio": 2,
    "width": 38,
    "x": 266,
    "y": 458
  },
  "waste_basket_11": {
    "height": 34,
    "pixelRatio": 2,
    "width": 34,
    "x": 776,
    "y": 212
  },
  "waste_basket_15": {
    "height": 42,
    "pixelRatio": 2,
    "width": 42,
    "x": 294,
    "y": 338
  },
  "water_11": {
    "height": 34,
    "pixelRatio": 2,
    "width": 34,
    "x": 810,
    "y": 212
  },
  "water_15": {
    "height": 42,
    "pixelRatio": 2,
    "width": 42,
    "x": 336,
    "y": 338
  },
  "wetland_11": {
    "height": 34,
    "pixelRatio": 2,
    "width": 34,
    "x": 844,
    "y": 212
  },
  "wetland_15": {
    "height": 42,
    "pixelRatio": 2,
    "width": 42,
    "x": 378,
    "y": 338
  },
  "wheelchair_11": {
    "height": 34,
    "pixelRatio": 2,
    "width": 34,
    "x": 878,
    "y": 212
  },
  "wheelchair_15": {
    "height": 42,
    "pixelRatio": 2,
    "width": 42,
    "x": 420,
    "y": 338
  },
  "zoo_11": {
    "height": 34,
    "pixelRatio": 2,
    "width": 34,
    "x": 912,
    "y": 212
  },
  "zoo_15": {
    "height": 42,
    "pixelRatio": 2,
    "width": 42,
    "x": 462,
    "y": 338
  }
}