{"aerialway-11":{"width":23,"height":23,"x":0,"y":0,"pixelRatio":1},"airport-11":{"width":23,"height":23,"x":23,"y":0,"pixelRatio":1},"alcohol-shop-11":{"width":23,"height":23,"x":0,"y":23,"pixelRatio":1},"amusement-park-11":{"width":23,"height":23,"x":23,"y":23,"pixelRatio":1},"animation-11":{"width":23,"height":23,"x":46,"y":0,"pixelRatio":1},"aquarium-11":{"width":23,"height":23,"x":69,"y":0,"pixelRatio":1},"art-gallery-11":{"width":23,"height":23,"x":46,"y":23,"pixelRatio":1},"artwork-11":{"width":23,"height":23,"x":69,"y":23,"pixelRatio":1},"attraction-11":{"width":23,"height":23,"x":0,"y":46,"pixelRatio":1},"bakery-11":{"width":23,"height":23,"x":23,"y":46,"pixelRatio":1},"bank-11":{"width":23,"height":23,"x":46,"y":46,"pixelRatio":1},"bar-11":{"width":23,"height":23,"x":69,"y":46,"pixelRatio":1},"barrier-11":{"width":23,"height":23,"x":0,"y":69,"pixelRatio":1},"baseball-11":{"width":23,"height":23,"x":23,"y":69,"pixelRatio":1},"basketball-11":{"width":23,"height":23,"x":46,"y":69,"pixelRatio":1},"bbq-11":{"width":23,"height":23,"x":69,"y":69,"pixelRatio":1},"bed-11":{"width":23,"height":23,"x":92,"y":0,"pixelRatio":1},"beer-11":{"width":23,"height":23,"x":115,"y":0,"pixelRatio":1},"bicycle-11":{"width":23,"height":23,"x":138,"y":0,"pixelRatio":1},"bicycle-share-11":{"width":23,"height":23,"x":161,"y":0,"pixelRatio":1},"building-11":{"width":23,"height":23,"x":92,"y":23,"pixelRatio":1},"bus-11":{"width":23,"height":23,"x":115,"y":23,"pixelRatio":1},"cafe-11":{"width":23,"height":23,"x":138,"y":23,"pixelRatio":1},"campsite-11":{"width":23,"height":23,"x":161,"y":23,"pixelRatio":1},"car-11":{"width":23,"height":23,"x":92,"y":46,"pixelRatio":1},"car-rental-11":{"width":23,"height":23,"x":115,"y":46,"pixelRatio":1},"car-repair-11":{"width":23,"height":23,"x":138,"y":46,"pixelRatio":1},"castle-11":{"width":23,"height":23,"x":161,"y":46,"pixelRatio":1},"cemetery-11":{"width":23,"height":23,"x":92,"y":69,"pixelRatio":1},"cinema-11":{"width":23,"height":23,"x":115,"y":69,"pixelRatio":1},"circle-11":{"width":23,"height":23,"x":138,"y":69,"pixelRatio":1},"clothing-store-11":{"width":23,"height":23,"x":161,"y":69,"pixelRatio":1},"college-11":{"width":23,"height":23,"x":0,"y":92,"pixelRatio":1},"commercial-11":{"width":23,"height":23,"x":23,"y":92,"pixelRatio":1},"confectionery-11":{"width":23,"height":23,"x":46,"y":92,"pixelRatio":1},"convenience-store-11":{"width":23,"height":23,"x":69,"y":92,"pixelRatio":1},"dam-11":{"width":23,"height":23,"x":92,"y":92,"pixelRatio":1},"dentist-11":{"width":23,"height":23,"x":115,"y":92,"pixelRatio":1},"doctor-11":{"width":23,"height":23,"x":138,"y":92,"pixelRatio":1},"dog-park-11":{"width":23,"height":23,"x":161,"y":92,"pixelRatio":1},"electronics-11":{"width":23,"height":23,"x":0,"y":115,"pixelRatio":1},"embassy-11":{"width":23,"height":23,"x":23,"y":115,"pixelRatio":1},"entrance-11":{"width":23,"height":23,"x":46,"y":115,"pixelRatio":1},"escape-11":{"width":23,"height":23,"x":69,"y":115,"pixelRatio":1},"event-11":{"width":23,"height":23,"x":92,"y":115,"pixelRatio":1},"fast-food-11":{"width":23,"height":23,"x":115,"y":115,"pixelRatio":1},"ferry-11":{"width":23,"height":23,"x":138,"y":115,"pixelRatio":1},"fire-station-11":{"width":23,"height":23,"x":161,"y":115,"pixelRatio":1},"fitness-11":{"width":23,"height":23,"x":0,"y":138,"pixelRatio":1},"florist-11":{"width":23,"height":23,"x":23,"y":138,"pixelRatio":1},"food-court-11":{"width":23,"height":23,"x":46,"y":138,"pixelRatio":1},"fuel-11":{"width":23,"height":23,"x":69,"y":138,"pixelRatio":1},"furniture-11":{"width":23,"height":23,"x":92,"y":138,"pixelRatio":1},"gaming-11":{"width":23,"height":23,"x":115,"y":138,"pixelRatio":1},"garden-11":{"width":23,"height":23,"x":138,"y":138,"pixelRatio":1},"garden-center-11":{"width":23,"height":23,"x":161,"y":138,"pixelRatio":1},"gift-11":{"width":23,"height":23,"x":0,"y":161,"pixelRatio":1},"globe-11":{"width":23,"height":23,"x":23,"y":161,"pixelRatio":1},"golf-11":{"width":23,"height":23,"x":46,"y":161,"pixelRatio":1},"grocery-11":{"width":23,"height":23,"x":69,"y":161,"pixelRatio":1},"hairdresser-11":{"width":23,"height":23,"x":92,"y":161,"pixelRatio":1},"harbor-11":{"width":23,"height":23,"x":115,"y":161,"pixelRatio":1},"hardware-11":{"width":23,"height":23,"x":138,"y":161,"pixelRatio":1},"horse-riding-11":{"width":23,"height":23,"x":161,"y":161,"pixelRatio":1},"hospital-11":{"width":23,"height":23,"x":184,"y":0,"pixelRatio":1},"ice-cream-11":{"width":23,"height":23,"x":207,"y":0,"pixelRatio":1},"information-11":{"width":23,"height":23,"x":230,"y":0,"pixelRatio":1},"jewelry-store-11":{"width":23,"height":23,"x":253,"y":0,"pixelRatio":1},"laundry-11":{"width":23,"height":23,"x":276,"y":0,"pixelRatio":1},"library-11":{"width":23,"height":23,"x":299,"y":0,"pixelRatio":1},"lodging-11":{"width":23,"height":23,"x":322,"y":0,"pixelRatio":1},"marker-11":{"width":23,"height":23,"x":345,"y":0,"pixelRatio":1},"marker2-11":{"width":23,"height":23,"x":184,"y":23,"pixelRatio":1},"mobile-phone-11":{"width":23,"height":23,"x":207,"y":23,"pixelRatio":1},"monument-11":{"width":23,"height":23,"x":230,"y":23,"pixelRatio":1},"mountain-11":{"width":23,"height":23,"x":253,"y":23,"pixelRatio":1},"museum-11":{"width":23,"height":23,"x":276,"y":23,"pixelRatio":1},"music-11":{"width":23,"height":23,"x":299,"y":23,"pixelRatio":1},"music-shop-11":{"width":23,"height":23,"x":322,"y":23,"pixelRatio":1},"optician-11":{"width":23,"height":23,"x":345,"y":23,"pixelRatio":1},"paint-11":{"width":23,"height":23,"x":184,"y":46,"pixelRatio":1},"park-alt1-11":{"width":23,"height":23,"x":207,"y":46,"pixelRatio":1},"parking-11":{"width":23,"height":23,"x":230,"y":46,"pixelRatio":1},"parking-bike-11":{"width":23,"height":23,"x":253,"y":46,"pixelRatio":1},"pet-11":{"width":23,"height":23,"x":276,"y":46,"pixelRatio":1},"pharmacy-11":{"width":23,"height":23,"x":299,"y":46,"pixelRatio":1},"picnic-site-11":{"width":23,"height":23,"x":322,"y":46,"pixelRatio":1},"place-of-worship-11":{"width":23,"height":23,"x":345,"y":46,"pixelRatio":1},"playground-11":{"width":23,"height":23,"x":184,"y":69,"pixelRatio":1},"police-11":{"width":23,"height":23,"x":207,"y":69,"pixelRatio":1},"post-11":{"width":23,"height":23,"x":230,"y":69,"pixelRatio":1},"post-box-11":{"width":23,"height":23,"x":253,"y":69,"pixelRatio":1},"prison-11":{"width":23,"height":23,"x":276,"y":69,"pixelRatio":1},"rail-11":{"width":23,"height":23,"x":299,"y":69,"pixelRatio":1},"rail-light-11":{"width":23,"height":23,"x":322,"y":69,"pixelRatio":1},"rail-metro-11":{"width":23,"height":23,"x":345,"y":69,"pixelRatio":1},"ranger-station-11":{"width":23,"height":23,"x":184,"y":92,"pixelRatio":1},"recycling-11":{"width":23,"height":23,"x":207,"y":92,"pixelRatio":1},"religious-buddhism-11":{"width":23,"height":23,"x":230,"y":92,"pixelRatio":1},"religious-christian-11":{"width":23,"height":23,"x":253,"y":92,"pixelRatio":1},"religious-jewish-11":{"width":23,"height":23,"x":276,"y":92,"pixelRatio":1},"religious-muslim-11":{"width":23,"height":23,"x":299,"y":92,"pixelRatio":1},"restaurant-11":{"width":23,"height":23,"x":322,"y":92,"pixelRatio":1},"school-11":{"width":23,"height":23,"x":345,"y":92,"pixelRatio":1},"scooter-11":{"width":23,"height":23,"x":184,"y":115,"pixelRatio":1},"seafood-11":{"width":23,"height":23,"x":207,"y":115,"pixelRatio":1},"service-11":{"width":23,"height":23,"x":230,"y":115,"pixelRatio":1},"shelter-11":{"width":23,"height":23,"x":253,"y":115,"pixelRatio":1},"shop-11":{"width":23,"height":23,"x":276,"y":115,"pixelRatio":1},"skiing-11":{"width":23,"height":23,"x":299,"y":115,"pixelRatio":1},"slaughterhouse-11":{"width":23,"height":23,"x":322,"y":115,"pixelRatio":1},"soccer-11":{"width":23,"height":23,"x":345,"y":115,"pixelRatio":1},"sportevent-11":{"width":23,"height":23,"x":184,"y":138,"pixelRatio":1},"stadium-11":{"width":23,"height":23,"x":207,"y":138,"pixelRatio":1},"stationery-11":{"width":23,"height":23,"x":230,"y":138,"pixelRatio":1},"swimming-11":{"width":23,"height":23,"x":253,"y":138,"pixelRatio":1},"teahouse-11":{"width":23,"height":23,"x":276,"y":138,"pixelRatio":1},"telephone-11":{"width":23,"height":23,"x":299,"y":138,"pixelRatio":1},"theatre-11":{"width":23,"height":23,"x":322,"y":138,"pixelRatio":1},"toilet-11":{"width":23,"height":23,"x":345,"y":138,"pixelRatio":1},"town-hall-11":{"width":23,"height":23,"x":184,"y":161,"pixelRatio":1},"veterinary-11":{"width":23,"height":23,"x":207,"y":161,"pixelRatio":1},"viewpoint-11":{"width":23,"height":23,"x":230,"y":161,"pixelRatio":1},"waste-basket-11":{"width":23,"height":23,"x":253,"y":161,"pixelRatio":1},"watch-11":{"width":23,"height":23,"x":276,"y":161,"pixelRatio":1},"zoo-11":{"width":23,"height":23,"x":299,"y":161,"pixelRatio":1},"us-interstate_1":{"width":20,"height":22,"x":322,"y":161,"pixelRatio":1},"us-interstate_2":{"width":20,"height":22,"x":342,"y":161,"pixelRatio":1},"us-interstate_3":{"width":26,"height":22,"x":0,"y":184,"pixelRatio":1},"us-interstate_4":{"width":32,"height":22,"x":26,"y":184,"pixelRatio":1},"oneway":{"width":21,"height":21,"x":58,"y":184,"pixelRatio":1},"place-circled-dot-black":{"width":20,"height":20,"x":79,"y":184,"pixelRatio":1},"place-dot-black":{"width":20,"height":20,"x":99,"y":184,"pixelRatio":1},"us-highway_1":{"width":20,"height":20,"x":119,"y":184,"pixelRatio":1},"us-highway_2":{"width":20,"height":20,"x":139,"y":184,"pixelRatio":1},"us-highway_3":{"width":26,"height":20,"x":159,"y":184,"pixelRatio":1},"us-highway_4":{"width":32,"height":20,"x":185,"y":184,"pixelRatio":1},"us-state_1":{"width":20,"height":20,"x":217,"y":184,"pixelRatio":1},"us-state_2":{"width":20,"height":20,"x":237,"y":184,"pixelRatio":1},"us-state_3":{"width":26,"height":20,"x":257,"y":184,"pixelRatio":1},"us-state_4":{"width":32,"height":20,"x":283,"y":184,"pixelRatio":1},"home-11":{"width":19,"height":19,"x":315,"y":184,"pixelRatio":1},"residential-community-11":{"width":19,"height":19,"x":334,"y":184,"pixelRatio":1},"town-11":{"width":19,"height":19,"x":0,"y":206,"pixelRatio":1},"road_1":{"width":20,"height":14,"x":19,"y":206,"pixelRatio":1},"road_2":{"width":20,"height":14,"x":39,"y":206,"pixelRatio":1},"road_3":{"width":26,"height":14,"x":59,"y":206,"pixelRatio":1},"road_4":{"width":32,"height":14,"x":85,"y":206,"pixelRatio":1},"road_5":{"width":38,"height":14,"x":117,"y":206,"pixelRatio":1},"road_6":{"width":44,"height":14,"x":155,"y":206,"pixelRatio":1}}