{"aerialway-11":{"width":46,"height":46,"x":0,"y":0,"pixelRatio":2},"airport-11":{"width":46,"height":46,"x":46,"y":0,"pixelRatio":2},"alcohol-shop-11":{"width":46,"height":46,"x":0,"y":46,"pixelRatio":2},"amusement-park-11":{"width":46,"height":46,"x":46,"y":46,"pixelRatio":2},"animation-11":{"width":46,"height":46,"x":92,"y":0,"pixelRatio":2},"aquarium-11":{"width":46,"height":46,"x":138,"y":0,"pixelRatio":2},"art-gallery-11":{"width":46,"height":46,"x":92,"y":46,"pixelRatio":2},"artwork-11":{"width":46,"height":46,"x":138,"y":46,"pixelRatio":2},"attraction-11":{"width":46,"height":46,"x":0,"y":92,"pixelRatio":2},"bakery-11":{"width":46,"height":46,"x":46,"y":92,"pixelRatio":2},"bank-11":{"width":46,"height":46,"x":92,"y":92,"pixelRatio":2},"bar-11":{"width":46,"height":46,"x":138,"y":92,"pixelRatio":2},"barrier-11":{"width":46,"height":46,"x":0,"y":138,"pixelRatio":2},"baseball-11":{"width":46,"height":46,"x":46,"y":138,"pixelRatio":2},"basketball-11":{"width":46,"height":46,"x":92,"y":138,"pixelRatio":2},"bbq-11":{"width":46,"height":46,"x":138,"y":138,"pixelRatio":2},"bed-11":{"width":46,"height":46,"x":184,"y":0,"pixelRatio":2},"beer-11":{"width":46,"height":46,"x":230,"y":0,"pixelRatio":2},"bicycle-11":{"width":46,"height":46,"x":276,"y":0,"pixelRatio":2},"bicycle-share-11":{"width":46,"height":46,"x":322,"y":0,"pixelRatio":2},"building-11":{"width":46,"height":46,"x":184,"y":46,"pixelRatio":2},"bus-11":{"width":46,"height":46,"x":230,"y":46,"pixelRatio":2},"cafe-11":{"width":46,"height":46,"x":276,"y":46,"pixelRatio":2},"campsite-11":{"width":46,"height":46,"x":322,"y":46,"pixelRatio":2},"car-11":{"width":46,"height":46,"x":184,"y":92,"pixelRatio":2},"car-rental-11":{"width":46,"height":46,"x":230,"y":92,"pixelRatio":2},"car-repair-11":{"width":46,"height":46,"x":276,"y":92,"pixelRatio":2},"castle-11":{"width":46,"height":46,"x":322,"y":92,"pixelRatio":2},"cemetery-11":{"width":46,"height":46,"x":184,"y":138,"pixelRatio":2},"cinema-11":{"width":46,"height":46,"x":230,"y":138,"pixelRatio":2},"circle-11":{"width":46,"height":46,"x":276,"y":138,"pixelRatio":2},"clothing-store-11":{"width":46,"height":46,"x":322,"y":138,"pixelRatio":2},"college-11":{"width":46,"height":46,"x":0,"y":184,"pixelRatio":2},"commercial-11":{"width":46,"height":46,"x":46,"y":184,"pixelRatio":2},"confectionery-11":{"width":46,"height":46,"x":92,"y":184,"pixelRatio":2},"convenience-store-11":{"width":46,"height":46,"x":138,"y":184,"pixelRatio":2},"dam-11":{"width":46,"height":46,"x":184,"y":184,"pixelRatio":2},"dentist-11":{"width":46,"height":46,"x":230,"y":184,"pixelRatio":2},"doctor-11":{"width":46,"height":46,"x":276,"y":184,"pixelRatio":2},"dog-park-11":{"width":46,"height":46,"x":322,"y":184,"pixelRatio":2},"electronics-11":{"width":46,"height":46,"x":0,"y":230,"pixelRatio":2},"embassy-11":{"width":46,"height":46,"x":46,"y":230,"pixelRatio":2},"entrance-11":{"width":46,"height":46,"x":92,"y":230,"pixelRatio":2},"escape-11":{"width":46,"height":46,"x":138,"y":230,"pixelRatio":2},"event-11":{"width":46,"height":46,"x":184,"y":230,"pixelRatio":2},"fast-food-11":{"width":46,"height":46,"x":230,"y":230,"pixelRatio":2},"ferry-11":{"width":46,"height":46,"x":276,"y":230,"pixelRatio":2},"fire-station-11":{"width":46,"height":46,"x":322,"y":230,"pixelRatio":2},"fitness-11":{"width":46,"height":46,"x":0,"y":276,"pixelRatio":2},"florist-11":{"width":46,"height":46,"x":46,"y":276,"pixelRatio":2},"food-court-11":{"width":46,"height":46,"x":92,"y":276,"pixelRatio":2},"fuel-11":{"width":46,"height":46,"x":138,"y":276,"pixelRatio":2},"furniture-11":{"width":46,"height":46,"x":184,"y":276,"pixelRatio":2},"gaming-11":{"width":46,"height":46,"x":230,"y":276,"pixelRatio":2},"garden-11":{"width":46,"height":46,"x":276,"y":276,"pixelRatio":2},"garden-center-11":{"width":46,"height":46,"x":322,"y":276,"pixelRatio":2},"gift-11":{"width":46,"height":46,"x":0,"y":322,"pixelRatio":2},"globe-11":{"width":46,"height":46,"x":46,"y":322,"pixelRatio":2},"golf-11":{"width":46,"height":46,"x":92,"y":322,"pixelRatio":2},"grocery-11":{"width":46,"height":46,"x":138,"y":322,"pixelRatio":2},"hairdresser-11":{"width":46,"height":46,"x":184,"y":322,"pixelRatio":2},"harbor-11":{"width":46,"height":46,"x":230,"y":322,"pixelRatio":2},"hardware-11":{"width":46,"height":46,"x":276,"y":322,"pixelRatio":2},"horse-riding-11":{"width":46,"height":46,"x":322,"y":322,"pixelRatio":2},"hospital-11":{"width":46,"height":46,"x":368,"y":0,"pixelRatio":2},"ice-cream-11":{"width":46,"height":46,"x":414,"y":0,"pixelRatio":2},"information-11":{"width":46,"height":46,"x":460,"y":0,"pixelRatio":2},"jewelry-store-11":{"width":46,"height":46,"x":506,"y":0,"pixelRatio":2},"laundry-11":{"width":46,"height":46,"x":552,"y":0,"pixelRatio":2},"library-11":{"width":46,"height":46,"x":598,"y":0,"pixelRatio":2},"lodging-11":{"width":46,"height":46,"x":644,"y":0,"pixelRatio":2},"marker-11":{"width":46,"height":46,"x":690,"y":0,"pixelRatio":2},"marker2-11":{"width":46,"height":46,"x":368,"y":46,"pixelRatio":2},"mobile-phone-11":{"width":46,"height":46,"x":414,"y":46,"pixelRatio":2},"monument-11":{"width":46,"height":46,"x":460,"y":46,"pixelRatio":2},"mountain-11":{"width":46,"height":46,"x":506,"y":46,"pixelRatio":2},"museum-11":{"width":46,"height":46,"x":552,"y":46,"pixelRatio":2},"music-11":{"width":46,"height":46,"x":598,"y":46,"pixelRatio":2},"music-shop-11":{"width":46,"height":46,"x":644,"y":46,"pixelRatio":2},"optician-11":{"width":46,"height":46,"x":690,"y":46,"pixelRatio":2},"paint-11":{"width":46,"height":46,"x":368,"y":92,"pixelRatio":2},"park-alt1-11":{"width":46,"height":46,"x":414,"y":92,"pixelRatio":2},"parking-11":{"width":46,"height":46,"x":460,"y":92,"pixelRatio":2},"parking-bike-11":{"width":46,"height":46,"x":506,"y":92,"pixelRatio":2},"pet-11":{"width":46,"height":46,"x":552,"y":92,"pixelRatio":2},"pharmacy-11":{"width":46,"height":46,"x":598,"y":92,"pixelRatio":2},"picnic-site-11":{"width":46,"height":46,"x":644,"y":92,"pixelRatio":2},"place-of-worship-11":{"width":46,"height":46,"x":690,"y":92,"pixelRatio":2},"playground-11":{"width":46,"height":46,"x":368,"y":138,"pixelRatio":2},"police-11":{"width":46,"height":46,"x":414,"y":138,"pixelRatio":2},"post-11":{"width":46,"height":46,"x":460,"y":138,"pixelRatio":2},"post-box-11":{"width":46,"height":46,"x":506,"y":138,"pixelRatio":2},"prison-11":{"width":46,"height":46,"x":552,"y":138,"pixelRatio":2},"rail-11":{"width":46,"height":46,"x":598,"y":138,"pixelRatio":2},"rail-light-11":{"width":46,"height":46,"x":644,"y":138,"pixelRatio":2},"rail-metro-11":{"width":46,"height":46,"x":690,"y":138,"pixelRatio":2},"ranger-station-11":{"width":46,"height":46,"x":368,"y":184,"pixelRatio":2},"recycling-11":{"width":46,"height":46,"x":414,"y":184,"pixelRatio":2},"religious-buddhism-11":{"width":46,"height":46,"x":460,"y":184,"pixelRatio":2},"religious-christian-11":{"width":46,"height":46,"x":506,"y":184,"pixelRatio":2},"religious-jewish-11":{"width":46,"height":46,"x":552,"y":184,"pixelRatio":2},"religious-muslim-11":{"width":46,"height":46,"x":598,"y":184,"pixelRatio":2},"restaurant-11":{"width":46,"height":46,"x":644,"y":184,"pixelRatio":2},"school-11":{"width":46,"height":46,"x":690,"y":184,"pixelRatio":2},"scooter-11":{"width":46,"height":46,"x":368,"y":230,"pixelRatio":2},"seafood-11":{"width":46,"height":46,"x":414,"y":230,"pixelRatio":2},"service-11":{"width":46,"height":46,"x":460,"y":230,"pixelRatio":2},"shelter-11":{"width":46,"height":46,"x":506,"y":230,"pixelRatio":2},"shop-11":{"width":46,"height":46,"x":552,"y":230,"pixelRatio":2},"skiing-11":{"width":46,"height":46,"x":598,"y":230,"pixelRatio":2},"slaughterhouse-11":{"width":46,"height":46,"x":644,"y":230,"pixelRatio":2},"soccer-11":{"width":46,"height":46,"x":690,"y":230,"pixelRatio":2},"sportevent-11":{"width":46,"height":46,"x":368,"y":276,"pixelRatio":2},"stadium-11":{"width":46,"height":46,"x":414,"y":276,"pixelRatio":2},"stationery-11":{"width":46,"height":46,"x":460,"y":276,"pixelRatio":2},"swimming-11":{"width":46,"height":46,"x":506,"y":276,"pixelRatio":2},"teahouse-11":{"width":46,"height":46,"x":552,"y":276,"pixelRatio":2},"telephone-11":{"width":46,"height":46,"x":598,"y":276,"pixelRatio":2},"theatre-11":{"width":46,"height":46,"x":644,"y":276,"pixelRatio":2},"toilet-11":{"width":46,"height":46,"x":690,"y":276,"pixelRatio":2},"town-hall-11":{"width":46,"height":46,"x":368,"y":322,"pixelRatio":2},"veterinary-11":{"width":46,"height":46,"x":414,"y":322,"pixelRatio":2},"viewpoint-11":{"width":46,"height":46,"x":460,"y":322,"pixelRatio":2},"waste-basket-11":{"width":46,"height":46,"x":506,"y":322,"pixelRatio":2},"watch-11":{"width":46,"height":46,"x":552,"y":322,"pixelRatio":2},"zoo-11":{"width":46,"height":46,"x":598,"y":322,"pixelRatio":2},"us-interstate_1":{"width":40,"height":44,"x":644,"y":322,"pixelRatio":2},"us-interstate_2":{"width":40,"height":44,"x":684,"y":322,"pixelRatio":2},"us-interstate_3":{"width":52,"height":44,"x":0,"y":368,"pixelRatio":2},"us-interstate_4":{"width":64,"height":44,"x":52,"y":368,"pixelRatio":2},"oneway":{"width":42,"height":42,"x":116,"y":368,"pixelRatio":2},"place-circled-dot-black":{"width":40,"height":40,"x":158,"y":368,"pixelRatio":2},"place-dot-black":{"width":40,"height":40,"x":198,"y":368,"pixelRatio":2},"us-highway_1":{"width":40,"height":40,"x":238,"y":368,"pixelRatio":2},"us-highway_2":{"width":40,"height":40,"x":278,"y":368,"pixelRatio":2},"us-highway_3":{"width":52,"height":40,"x":318,"y":368,"pixelRatio":2},"us-highway_4":{"width":64,"height":40,"x":370,"y":368,"pixelRatio":2},"us-state_1":{"width":40,"height":40,"x":434,"y":368,"pixelRatio":2},"us-state_2":{"width":40,"height":40,"x":474,"y":368,"pixelRatio":2},"us-state_3":{"width":52,"height":40,"x":514,"y":368,"pixelRatio":2},"us-state_4":{"width":64,"height":40,"x":566,"y":368,"pixelRatio":2},"home-11":{"width":38,"height":38,"x":630,"y":368,"pixelRatio":2},"residential-community-11":{"width":38,"height":38,"x":668,"y":368,"pixelRatio":2},"town-11":{"width":38,"height":38,"x":0,"y":412,"pixelRatio":2},"road_1":{"width":40,"height":28,"x":38,"y":412,"pixelRatio":2},"road_2":{"width":40,"height":28,"x":78,"y":412,"pixelRatio":2},"road_3":{"width":52,"height":28,"x":118,"y":412,"pixelRatio":2},"road_4":{"width":64,"height":28,"x":170,"y":412,"pixelRatio":2},"road_5":{"width":76,"height":28,"x":234,"y":412,"pixelRatio":2},"road_6":{"width":88,"height":28,"x":310,"y":412,"pixelRatio":2}}