{
  "airfield_11": {
    "height": 17,
    "pixelRatio": 1,
    "width": 17,
    "x": 21,
    "y": 0
  },
  "airport_11": {
    "height": 17,
    "pixelRatio": 1,
    "width": 17,
    "x": 0,
    "y": 21
  },
  "alcohol_shop_11": {
    "height": 17,
    "pixelRatio": 1,
    "width": 17,
    "x": 17,
    "y": 21
  },
  "amusement_park_11": {
    "height": 17,
    "pixelRatio": 1,
    "width": 17,
    "x": 34,
    "y": 21
  },
  "aquarium_11": {
    "height": 17,
    "pixelRatio": 1,
    "width": 17,
    "x": 51,
    "y": 21
  },
  "art_gallery_11": {
    "height": 17,
    "pixelRatio": 1,
    "width": 17,
    "x": 38,
    "y": 0
  },
  "attraction_11": {
    "height": 17,
    "pixelRatio": 1,
    "width": 17,
    "x": 55,
    "y": 0
  },
  "bakery_11": {
    "height": 17,
    "pixelRatio": 1,
    "width": 17,
    "x": 0,
    "y": 38
  },
  "bank_11": {
    "height": 17,
    "pixelRatio": 1,
    "width": 17,
    "x": 17,
    "y": 38
  },
  "bar_11": {
    "height": 17,
    "pixelRatio": 1,
    "width": 17,
    "x": 34,
    "y": 38
  },
  "beer_11": {
    "height": 17,
    "pixelRatio": 1,
    "width": 17,
    "x": 51,
    "y": 38
  },
  "bicycle_11": {
    "height": 17,
    "pixelRatio": 1,
    "width": 17,
    "x": 0,
    "y": 55
  },
  "bicycle_rental_11": {
    "height": 17,
    "pixelRatio": 1,
    "width": 17,
    "x": 17,
    "y": 55
  },
  "bus_11": {
    "height": 17,
    "pixelRatio": 1,
    "width": 17,
    "x": 34,
    "y": 55
  },
  "cafe_11": {
    "height": 17,
    "pixelRatio": 1,
    "width": 17,
    "x": 51,
    "y": 55
  },
  "campsite_11": {
    "height": 17,
    "pixelRatio": 1,
    "width": 17,
    "x": 68,
    "y": 21
  },
  "car_11": {
    "height": 17,
    "pixelRatio": 1,
    "width": 17,
    "x": 85,
    "y": 21
  },
  "castle_11": {
    "height": 17,
    "pixelRatio": 1,
    "width": 17,
    "x": 102,
    "y": 21
  },
  "cemetery_11": {
    "height": 17,
    "pixelRatio": 1,
    "width": 17,
    "x": 119,
    "y": 21
  },
  "cinema_11": {
    "height": 17,
    "pixelRatio": 1,
    "width": 17,
    "x": 136,
    "y": 21
  },
  "circle_11": {
    "height": 17,
    "pixelRatio": 1,
    "width": 17,
    "x": 68,
    "y": 38
  },
  "circle_stroked_11": {
    "height": 17,
    "pixelRatio": 1,
    "width": 17,
    "x": 85,
    "y": 38
  },
  "clothing_store_11": {
    "height": 17,
    "pixelRatio": 1,
    "width": 17,
    "x": 102,
    "y": 38
  },
  "college_11": {
    "height": 17,
    "pixelRatio": 1,
    "width": 17,
    "x": 119,
    "y": 38
  },
  "dentist_11": {
    "height": 17,
    "pixelRatio": 1,
    "width": 17,
    "x": 136,
    "y": 38
  },
  "doctor_11": {
    "height": 17,
    "pixelRatio": 1,
    "width": 17,
    "x": 68,
    "y": 55
  },
  "dog_park_11": {
    "height": 17,
    "pixelRatio": 1,
    "width": 17,
    "x": 85,
    "y": 55
  },
  "drinking_water_11": {
    "height": 17,
    "pixelRatio": 1,
    "width": 17,
    "x": 102,
    "y": 55
  },
  "embassy_11": {
    "height": 17,
    "pixelRatio": 1,
    "width": 17,
    "x": 119,
    "y": 55
  },
  "entrance_11": {
    "height": 17,
    "pixelRatio": 1,
    "width": 17,
    "x": 136,
    "y": 55
  },
  "fast_food_11": {
    "height": 17,
    "pixelRatio": 1,
    "width": 17,
    "x": 72,
    "y": 0
  },
  "ferry_terminal_11": {
    "height": 17,
    "pixelRatio": 1,
    "width": 17,
    "x": 89,
    "y": 0
  },
  "fire_station_11": {
    "height": 17,
    "pixelRatio": 1,
    "width": 17,
    "x": 106,
    "y": 0
  },
  "fuel_11": {
    "height": 17,
    "pixelRatio": 1,
    "width": 17,
    "x": 123,
    "y": 0
  },
  "garden_11": {
    "height": 17,
    "pixelRatio": 1,
    "width": 17,
    "x": 140,
    "y": 0
  },
  "golf_11": {
    "height": 17,
    "pixelRatio": 1,
    "width": 17,
    "x": 0,
    "y": 72
  },
  "grocery_11": {
    "height": 17,
    "pixelRatio": 1,
    "width": 17,
    "x": 17,
    "y": 72
  },
  "harbor_11": {
    "height": 17,
    "pixelRatio": 1,
    "width": 17,
    "x": 34,
    "y": 72
  },
  "heliport_11": {
    "height": 17,
    "pixelRatio": 1,
    "width": 17,
    "x": 51,
    "y": 72
  },
  "hospital_11": {
    "height": 17,
    "pixelRatio": 1,
    "width": 17,
    "x": 68,
    "y": 72
  },
  "ice_cream_11": {
    "height": 17,
    "pixelRatio": 1,
    "width": 17,
    "x": 85,
    "y": 72
  },
  "information_11": {
    "height": 17,
    "pixelRatio": 1,
    "width": 17,
    "x": 102,
    "y": 72
  },
  "laundry_11": {
    "height": 17,
    "pixelRatio": 1,
    "width": 17,
    "x": 119,
    "y": 72
  },
  "library_11": {
    "height": 17,
    "pixelRatio": 1,
    "width": 17,
    "x": 136,
    "y": 72
  },
  "lodging_11": {
    "height": 17,
    "pixelRatio": 1,
    "width": 17,
    "x": 0,
    "y": 89
  },
  "marker_11": {
    "height": 17,
    "pixelRatio": 1,
    "width": 17,
    "x": 17,
    "y": 89
  },
  "monument_11": {
    "height": 17,
    "pixelRatio": 1,
    "width": 17,
    "x": 34,
    "y": 89
  },
  "mountain_11": {
    "height": 17,
    "pixelRatio": 1,
    "width": 17,
    "x": 51,
    "y": 89
  },
  "museum_11": {
    "height": 17,
    "pixelRatio": 1,
    "width": 17,
    "x": 68,
    "y": 89
  },
  "music_11": {
    "height": 17,
    "pixelRatio": 1,
    "width": 17,
    "x": 85,
    "y": 89
  },
  "oneway": {
    "height": 21,
    "pixelRatio": 1,
    "width": 21,
    "x": 0,
    "y": 0
  },
  "park_11": {
    "height": 17,
    "pixelRatio": 1,
    "width": 17,
    "x": 102,
    "y": 89
  },
  "pharmacy_11": {
    "height": 17,
    "pixelRatio": 1,
    "width": 17,
    "x": 119,
    "y": 89
  },
  "picnic_site_11": {
    "height": 17,
    "pixelRatio": 1,
    "width": 17,
    "x": 136,
    "y": 89
  },
  "pitch_11": {
    "height": 17,
    "pixelRatio": 1,
    "width": 17,
    "x": 0,
    "y": 106
  },
  "place_of_worship_11": {
    "height": 17,
    "pixelRatio": 1,
    "width": 17,
    "x": 17,
    "y": 106
  },
  "playground_11": {
    "height": 17,
    "pixelRatio": 1,
    "width": 17,
    "x": 34,
    "y": 106
  },
  "police_11": {
    "height": 17,
    "pixelRatio": 1,
    "width": 17,
    "x": 51,
    "y": 106
  },
  "post_11": {
    "height": 17,
    "pixelRatio": 1,
    "width": 17,
    "x": 68,
    "y": 106
  },
  "prison_11": {
    "height": 17,
    "pixelRatio": 1,
    "width": 17,
    "x": 85,
    "y": 106
  },
  "rail_light_11": {
    "height": 17,
    "pixelRatio": 1,
    "width": 17,
    "x": 102,
    "y": 106
  },
  "rail_metro_11": {
    "height": 17,
    "pixelRatio": 1,
    "width": 17,
    "x": 119,
    "y": 106
  },
  "railway_11": {
    "height": 17,
    "pixelRatio": 1,
    "width": 17,
    "x": 136,
    "y": 106
  },
  "religious_christian_11": {
    "height": 17,
    "pixelRatio": 1,
    "width": 17,
    "x": 0,
    "y": 123
  },
  "religious_jewish_11": {
    "height": 17,
    "pixelRatio": 1,
    "width": 17,
    "x": 17,
    "y": 123
  },
  "religious_muslim_11": {
    "height": 17,
    "pixelRatio": 1,
    "width": 17,
    "x": 34,
    "y": 123
  },
  "restaurant_11": {
    "height": 17,
    "pixelRatio": 1,
    "width": 17,
    "x": 51,
    "y": 123
  },
  "road_1": {
    "height": 14,
    "pixelRatio": 1,
    "width": 14,
    "x": 280,
    "y": 21
  },
  "road_2": {
    "height": 14,
    "pixelRatio": 1,
    "width": 20,
    "x": 294,
    "y": 21
  },
  "road_3": {
    "height": 14,
    "pixelRatio": 1,
    "width": 25,
    "x": 153,
    "y": 38
  },
  "road_4": {
    "height": 14,
    "pixelRatio": 1,
    "width": 31,
    "x": 178,
    "y": 38
  },
  "road_5": {
    "height": 14,
    "pixelRatio": 1,
    "width": 36,
    "x": 209,
    "y": 38
  },
  "road_6": {
    "height": 14,
    "pixelRatio": 1,
    "width": 40,
    "x": 245,
    "y": 38
  },
  "rocket_11": {
    "height": 17,
    "pixelRatio": 1,
    "width": 17,
    "x": 68,
    "y": 123
  },
  "school_11": {
    "height": 17,
    "pixelRatio": 1,
    "width": 17,
    "x": 85,
    "y": 123
  },
  "shop_11": {
    "height": 17,
    "pixelRatio": 1,
    "width": 17,
    "x": 102,
    "y": 123
  },
  "stadium_11": {
    "height": 17,
    "pixelRatio": 1,
    "width": 17,
    "x": 119,
    "y": 123
  },
  "star_11": {
    "height": 17,
    "pixelRatio": 1,
    "width": 17,
    "x": 136,
    "y": 123
  },
  "suitcase_11": {
    "height": 17,
    "pixelRatio": 1,
    "width": 17,
    "x": 0,
    "y": 140
  },
  "swimming_11": {
    "height": 17,
    "pixelRatio": 1,
    "width": 17,
    "x": 17,
    "y": 140
  },
  "theatre_11": {
    "height": 17,
    "pixelRatio": 1,
    "width": 17,
    "x": 34,
    "y": 140
  },
  "toilet_11": {
    "height": 17,
    "pixelRatio": 1,
    "width": 17,
    "x": 51,
    "y": 140
  },
  "town_hall_11": {
    "height": 17,
    "pixelRatio": 1,
    "width": 17,
    "x": 68,
    "y": 140
  },
  "triangle_11": {
    "height": 17,
    "pixelRatio": 1,
    "width": 17,
    "x": 85,
    "y": 140
  },
  "triangle_stroked_11": {
    "height": 17,
    "pixelRatio": 1,
    "width": 17,
    "x": 102,
    "y": 140
  },
  "us-highway_1": {
    "height": 17,
    "pixelRatio": 1,
    "width": 17,
    "x": 119,
    "y": 140
  },
  "us-highway_2": {
    "height": 17,
    "pixelRatio": 1,
    "width": 17,
    "x": 136,
    "y": 140
  },
  "us-highway_3": {
    "height": 17,
    "pixelRatio": 1,
    "width": 21,
    "x": 153,
    "y": 21
  },
  "us-interstate_1": {
    "height": 17,
    "pixelRatio": 1,
    "width": 17,
    "x": 174,
    "y": 21
  },
  "us-interstate_2": {
    "height": 17,
    "pixelRatio": 1,
    "width": 17,
    "x": 191,
    "y": 21
  },
  "us-interstate_3": {
    "height": 17,
    "pixelRatio": 1,
    "width": 21,
    "x": 208,
    "y": 21
  },
  "us-state_1": {
    "height": 14,
    "pixelRatio": 1,
    "width": 17,
    "x": 314,
    "y": 21
  },
  "us-state_2": {
    "height": 14,
    "pixelRatio": 1,
    "width": 22,
    "x": 285,
    "y": 38
  },
  "us-state_3": {
    "height": 14,
    "pixelRatio": 1,
    "width": 27,
    "x": 307,
    "y": 38
  },
  "us-state_4": {
    "height": 14,
    "pixelRatio": 1,
    "width": 32,
    "x": 153,
    "y": 55
  },
  "us-state_5": {
    "height": 14,
    "pixelRatio": 1,
    "width": 37,
    "x": 185,
    "y": 55
  },
  "us-state_6": {
    "height": 14,
    "pixelRatio": 1,
    "width": 42,
    "x": 222,
    "y": 55
  },
  "veterinary_11": {
    "height": 17,
    "pixelRatio": 1,
    "width": 17,
    "x": 229,
    "y": 21
  },
  "volcano_11": {
    "height": 17,
    "pixelRatio": 1,
    "width": 17,
    "x": 246,
    "y": 21
  },
  "wave": {
    "height": 5,
    "pixelRatio": 1,
    "width": 16,
    "x": 264,
    "y": 55
  },
  "zoo_11": {
    "height": 17,
    "pixelRatio": 1,
    "width": 17,
    "x": 263,
    "y": 21
  }
}